OBJECTID,REPORTNO,STATUS,ADDRTYPE,LOCATION,COLLISIONTYPE,PERSONCOUNT,PEDCOUNT,PEDCYLCOUNT,VEHCOUNT,INJURIES,SERIOUSINJURIES,FATALITIES,INCDATE,INCDTTM,WEATHER,ROADCOND,LIGHTCOND,SPEEDING,HITPARKEDCAR
113,REPORT113,STATUS1,ADDRTYPE1,"5925 Joshua Well Suite 422
West Carlshire, PW 11623",Rear Ended,3,1,1,2,3,1,1,2023-12-14,2024-02-03 03:25:08,Severe Crosswind,Other,Dark - No Street Lights,Y,Y
114,REPORT114,STATUS1,ADDRTYPE2,"8025 Shawn Stream
Caldwellshire, NC 51452",Left Turn,2,1,1,1,2,1,1,2023-12-25,2024-02-12 03:25:08,Blowing Sand/Dirt,Snow/Slush,Other,N,Y
115,REPORT115,STATUS3,ADDRTYPE2,"5801 Snyder Street
Davidton, AR 15758",Left Turn,2,1,0,3,0,0,1,2023-12-26,2024-02-06 03:25:08,Raining,Oil,Dusk,N,Y
116,REPORT116,STATUS3,ADDRTYPE2,"25766 Sean Walks Suite 123
South Jennifer, GU 81574",Parked Car,3,0,1,3,1,0,1,2024-02-09,2023-12-03 03:25:08,Other,Other,Dark - No Street Lights,N,Y
117,REPORT117,STATUS2,ADDRTYPE2,"4662 Marquez Wall Suite 557
Thomasbury, NM 45155",Cycles,4,1,1,1,2,1,0,2023-12-17,2023-08-12 03:25:08,Overcast,Oil,Unknown,N,Y
118,REPORT118,STATUS1,ADDRTYPE2,"1541 Harris Path
West Michelle, ID 94119",Cycles,5,1,1,1,1,1,0,2023-12-02,2023-05-30 03:25:08,Blowing Sand/Dirt,Wet,Dusk,N,Y
119,REPORT119,STATUS3,ADDRTYPE3,"04387 Camacho Drives Apt. 562
Timothyshire, FM 05648",Parked Car,1,2,1,3,0,0,1,2023-08-27,2023-04-18 03:25:08,Sleet/Hail/Freezing Rain,Ice,Unknown,N,N
120,REPORT120,STATUS2,ADDRTYPE1,"30193 Mathis Stream
Millerport, MO 79101",Parked Car,3,2,1,3,1,1,0,2023-06-08,2023-09-10 03:25:08,Unknown,Unknown,Dusk,N,Y
121,REPORT121,STATUS2,ADDRTYPE1,"55638 Bowen Pike
Stevenville, VT 70896",Angles,1,2,0,3,2,0,1,2024-02-13,2023-09-01 03:25:08,,,,Y,N
122,REPORT122,STATUS3,ADDRTYPE2,"760 Garrett Fields
North Jenniferside, DC 65923",Cycles,4,1,0,1,0,1,1,2023-03-06,2023-11-24 03:25:08,Severe Crosswind,Unknown,Unknown,N,N
123,REPORT123,STATUS2,ADDRTYPE2,"132 David Spur Suite 291
Lake Robertmouth, TX 43142",Rear Ended,2,2,1,2,0,0,1,2023-10-21,2023-05-03 03:25:08,Sleet/Hail/Freezing Rain,Standing Water,Dark - Street Lights On,N,Y
124,REPORT124,STATUS1,ADDRTYPE3,"USNS Ellis
FPO AP 87603",Sideswipe,2,0,0,2,2,0,1,2024-01-24,2023-07-14 03:25:08,Blowing Sand/Dirt,Oil,Daylight,Y,N
125,REPORT125,STATUS2,ADDRTYPE2,"2792 Ruth Shore Apt. 697
Port Melissabury, MA 25788",Other,4,0,0,2,1,1,1,2023-03-09,2023-10-19 03:25:08,Other,Sand/Mud/Dirt,Daylight,N,Y
126,REPORT126,STATUS1,ADDRTYPE2,"524 Heather Village Suite 744
Cannontown, AR 09792",Rear Ended,5,2,0,2,3,1,0,2023-08-28,2023-05-11 03:25:08,Other,Sand/Mud/Dirt,Unknown,N,N
127,REPORT127,STATUS1,ADDRTYPE3,"08893 Gail Village Suite 036
East Joshuabury, NY 04135",Other,5,2,1,1,1,1,1,2023-07-15,2023-08-03 03:25:08,Severe Crosswind,Snow/Slush,Dark - No Street Lights,N,N
128,REPORT128,STATUS3,ADDRTYPE2,"20412 Lacey Union Suite 539
East Dana, MO 52677",Rear Ended,4,1,0,1,2,1,0,2023-04-20,2023-11-13 03:25:08,Blowing Sand/Dirt,Wet,Dark - Street Lights On,Y,Y
129,REPORT129,STATUS3,ADDRTYPE3,"502 Hanson Walk Suite 294
Lorichester, AL 10043",Left Turn,4,2,0,2,1,1,1,2024-02-15,2023-04-10 03:25:08,Overcast,Oil,Dark - No Street Lights,N,Y
130,REPORT130,STATUS3,ADDRTYPE1,"136 Tammie Plaza
Susantown, CA 44206",Sideswipe,4,2,0,3,3,1,0,2023-07-12,2023-03-27 03:25:08,Raining,Standing Water,Dark - No Street Lights,Y,N
131,REPORT131,STATUS2,ADDRTYPE2,"USNS Taylor
FPO AE 44587",Pedestrian,4,2,0,3,1,1,0,2023-06-19,2023-08-02 03:25:08,Sleet/Hail/Freezing Rain,Other,Dusk,N,N
132,REPORT132,STATUS3,ADDRTYPE1,"938 Davis Stravenue Suite 059
North Rachael, NH 43390",Cycles,4,2,1,1,0,1,0,2023-09-24,2024-01-24 03:25:08,Fog/Smog/Smoke,Unknown,Dusk,Y,Y
133,REPORT133,STATUS3,ADDRTYPE2,"900 Kayla Wall
Michellemouth, VT 95950",Sideswipe,4,1,0,2,1,1,1,2023-09-28,2023-04-30 03:25:08,Fog/Smog/Smoke,Dry,Dusk,Y,Y
134,REPORT134,STATUS2,ADDRTYPE2,"6847 Pena Key
West James, WA 64823",Rear Ended,2,1,0,1,0,0,0,2023-06-16,2023-07-15 03:25:08,Raining,Other,Dawn,Y,Y
135,REPORT135,STATUS3,ADDRTYPE2,"2209 Christopher Throughway
Port Nicoleborough, TN 43190",Other,1,2,1,2,3,1,1,2024-01-08,2023-12-16 03:25:08,Severe Crosswind,Sand/Mud/Dirt,Unknown,Y,Y
136,REPORT136,STATUS2,ADDRTYPE1,"281 Morgan Street
Gabrielborough, MS 61379",Sideswipe,5,0,1,2,1,1,1,2023-07-15,2023-03-31 03:25:08,Raining,Other,Dark - Street Lights Off,Y,Y
137,REPORT137,STATUS2,ADDRTYPE2,"453 Pittman Point
North Monica, ND 66157",Left Turn,1,1,0,3,0,0,1,2023-10-16,2023-08-04 03:25:08,Overcast,Standing Water,Dawn,Y,Y
138,REPORT138,STATUS1,ADDRTYPE3,"PSC 3521, Box 6005
APO AP 51265",Rear Ended,2,0,1,3,3,1,0,2023-04-09,2023-11-23 03:25:08,Blowing Sand/Dirt,Ice,Dusk,Y,N
139,REPORT139,STATUS1,ADDRTYPE1,"8734 Palmer Trail
South Michelle, AL 39783",Left Turn,3,1,1,3,0,0,1,2023-12-03,2023-07-28 03:25:08,Snowing,Oil,Dusk,N,N
140,REPORT140,STATUS3,ADDRTYPE3,"626 Richard Meadows
Port Lisa, DC 87564",Sideswipe,1,1,1,1,0,0,0,2023-06-03,2023-09-10 03:25:08,Raining,Ice,Dark - No Street Lights,Y,N
141,REPORT141,STATUS2,ADDRTYPE3,"8131 Evans Glen Apt. 338
New John, IA 68684",Angles,3,2,0,3,0,0,1,2023-11-16,2023-05-31 03:25:08,Raining,Standing Water,Daylight,Y,Y
142,REPORT142,STATUS1,ADDRTYPE2,"08437 Tucker Walk
Melissaside, ND 85175",Left Turn,2,1,0,3,1,0,1,2023-10-15,2023-11-30 03:25:08,Sleet/Hail/Freezing Rain,Other,Unknown,Y,Y
143,REPORT143,STATUS1,ADDRTYPE2,"725 Jaime Squares
North Kevinview, DC 16808",Pedestrian,5,1,1,1,0,0,0,2023-09-29,2023-07-11 03:25:08,Unknown,Unknown,Other,Y,Y
144,REPORT144,STATUS1,ADDRTYPE1,"29710 Catherine Points
Lyonsshire, RI 77059",Pedestrian,3,1,0,1,2,0,1,2023-12-23,2023-10-24 03:25:08,Clear,Dry,Dark - Street Lights On,Y,Y
145,REPORT145,STATUS1,ADDRTYPE1,"9782 Hector Springs
North Robert, UT 51288",Cycles,2,2,0,1,3,0,1,2023-10-08,2023-12-31 03:25:08,Severe Crosswind,Ice,Dark - Street Lights Off,Y,Y
146,REPORT146,STATUS3,ADDRTYPE3,"559 Jimmy Shore
Beckhaven, IA 56878",Pedestrian,4,2,0,3,3,1,0,2023-02-26,2023-02-21 03:25:08,Blowing Sand/Dirt,Sand/Mud/Dirt,Daylight,Y,Y
147,REPORT147,STATUS1,ADDRTYPE2,"65771 Jones Causeway Suite 947
Mooreview, OR 48491",Left Turn,5,2,0,2,1,1,1,2023-10-16,2023-12-17 03:25:08,Other,Other,Other,N,Y
148,REPORT148,STATUS3,ADDRTYPE3,"15061 Larson Mills Suite 218
East Jeanside, GU 11730",Parked Car,4,1,0,3,1,0,0,2023-03-15,2023-06-06 03:25:08,Clear,Oil,Dusk,Y,N
149,REPORT149,STATUS2,ADDRTYPE2,"6270 Schneider Summit
East Savannah, NV 73116",Cycles,5,0,0,2,1,1,0,2023-07-15,2023-12-21 03:25:08,Unknown,Ice,Dark - Street Lights Off,Y,Y
150,REPORT150,STATUS3,ADDRTYPE3,"USNS Rogers
FPO AP 10002",Cycles,5,0,0,1,2,1,1,2023-11-10,2023-04-02 03:25:08,Snowing,Dry,Daylight,N,Y
151,REPORT151,STATUS1,ADDRTYPE2,"PSC 2168, Box 5898
APO AA 47326",Left Turn,1,2,0,3,3,0,0,2023-06-22,2023-04-30 03:25:08,Snowing,Snow/Slush,Other,N,N
152,REPORT152,STATUS2,ADDRTYPE1,"337 Parker Prairie
Ryanchester, WV 32691",Sideswipe,5,0,0,3,3,1,1,2023-02-23,2023-08-03 03:25:08,Fog/Smog/Smoke,Other,Other,Y,N
153,REPORT153,STATUS2,ADDRTYPE1,"190 Ethan Circle
North Jenniferside, SC 66778",Angles,1,0,0,2,1,0,1,2023-12-29,2023-04-04 03:25:08,Other,Wet,Dark - Street Lights Off,Y,Y
154,REPORT154,STATUS3,ADDRTYPE2,"Unit 4211 Box 5763
DPO AA 20227",Pedestrian,3,2,1,3,1,1,1,2023-02-26,2023-10-09 03:25:08,Raining,Other,Dusk,Y,Y
155,REPORT155,STATUS2,ADDRTYPE3,"PSC 1092, Box 8006
APO AE 66126",Angles,5,1,0,3,0,1,0,2023-06-07,2023-05-12 03:25:08,Overcast,Snow/Slush,Dusk,Y,Y
156,REPORT156,STATUS3,ADDRTYPE1,"26439 Everett Dam Suite 451
Jensenbury, NM 10393",Pedestrian,3,2,1,3,1,1,1,2023-04-13,2023-11-30 03:25:08,Snowing,Oil,Dark - Street Lights Off,Y,Y
157,REPORT157,STATUS2,ADDRTYPE2,"6818 Sherry Squares
Fisherville, DE 61127",Parked Car,5,1,0,1,3,1,1,2023-11-19,2023-09-07 03:25:08,Raining,Dry,Dark - Street Lights On,Y,Y
158,REPORT158,STATUS3,ADDRTYPE2,"8548 Vernon Shoals Apt. 858
Leetown, IA 11734",Sideswipe,1,2,1,2,0,1,1,2023-11-15,2023-11-07 03:25:08,,,,Y,N
159,REPORT159,STATUS1,ADDRTYPE3,"773 Eric Flats Apt. 637
North Katherine, MP 91451",Left Turn,4,0,0,3,2,0,1,2023-04-23,2024-01-03 03:25:08,Severe Crosswind,Dry,Unknown,Y,Y
160,REPORT160,STATUS3,ADDRTYPE2,"USS Poole
FPO AE 64631",Angles,5,2,0,2,2,0,1,2023-04-03,2024-01-03 03:25:08,Unknown,Snow/Slush,Dark - Street Lights On,Y,N
161,REPORT161,STATUS3,ADDRTYPE1,"039 James Walk
South Cheyenne, FM 50153",Angles,2,0,1,1,3,0,0,2023-04-01,2024-02-06 03:25:08,Blowing Sand/Dirt,Sand/Mud/Dirt,Unknown,Y,Y
162,REPORT162,STATUS1,ADDRTYPE1,"22117 Misty Springs
North Daniel, LA 82750",Left Turn,4,2,1,1,0,1,0,2023-12-05,2023-07-11 03:25:08,,,,N,Y
163,REPORT163,STATUS3,ADDRTYPE3,"732 David Neck
Lake Carl, OR 01230",Sideswipe,1,1,1,2,1,0,0,2023-10-25,2024-02-14 03:25:08,,,,Y,N
164,REPORT164,STATUS3,ADDRTYPE3,"66850 Delgado Way Suite 592
East Elizabethshire, SC 49512",Sideswipe,2,1,0,3,1,0,0,2023-12-20,2023-04-04 03:25:08,Snowing,Snow/Slush,Other,Y,Y
165,REPORT165,STATUS2,ADDRTYPE1,"8241 King Parks
West Teresatown, CO 00635",Cycles,3,1,0,3,0,1,1,2023-12-14,2023-04-22 03:25:08,Fog/Smog/Smoke,Snow/Slush,Dark - No Street Lights,Y,Y
166,REPORT166,STATUS3,ADDRTYPE3,"49971 Brenda Fort Suite 894
Lake Theresa, WI 36707",Pedestrian,1,1,1,1,0,0,1,2023-07-29,2023-12-03 03:25:08,Severe Crosswind,Dry,Dark - No Street Lights,Y,Y
167,REPORT167,STATUS2,ADDRTYPE1,"31163 Jasmine Walk
South Jenniferton, NC 21119",Parked Car,4,1,0,1,2,0,1,2024-01-31,2024-02-05 03:25:08,Clear,Dry,Dark - Street Lights Off,N,N
168,REPORT168,STATUS1,ADDRTYPE2,"9060 Tracy Light
Lake Ashley, FL 11214",Cycles,3,1,0,1,1,1,0,2023-10-02,2023-04-09 03:25:08,Blowing Sand/Dirt,Sand/Mud/Dirt,Dusk,N,Y
169,REPORT169,STATUS2,ADDRTYPE3,"49488 Nguyen Radial
North Tinafort, CT 62972",Left Turn,3,2,1,1,3,0,1,2023-11-13,2023-02-22 03:25:08,Raining,Sand/Mud/Dirt,Dusk,Y,Y
170,REPORT170,STATUS2,ADDRTYPE1,"8488 Hernandez Estate
Lake Juliamouth, KS 48175",Cycles,1,0,0,3,1,0,0,2023-12-07,2023-05-17 03:25:08,Severe Crosswind,Sand/Mud/Dirt,Dark - Street Lights On,N,Y
171,REPORT171,STATUS1,ADDRTYPE3,"6466 Berry Camp
Lauratown, KY 00676",Rear Ended,4,2,1,1,2,0,1,2023-07-16,2024-01-10 03:25:08,,,,Y,N
172,REPORT172,STATUS2,ADDRTYPE2,"52484 Jennifer Ville Suite 313
East Crystal, IL 55307",Left Turn,1,2,1,2,0,1,0,2024-02-10,2023-05-03 03:25:08,Snowing,Sand/Mud/Dirt,Other,N,N
173,REPORT173,STATUS1,ADDRTYPE1,"PSC 5104, Box 4080
APO AA 49311",Pedestrian,2,2,0,2,1,0,1,2023-04-10,2023-08-08 03:25:08,Clear,Oil,Dawn,Y,N
174,REPORT174,STATUS3,ADDRTYPE1,"5485 Daniel Trail Apt. 648
West Kevinborough, MA 79913",Sideswipe,2,0,0,2,0,0,0,2023-11-09,2024-02-07 03:25:08,Clear,Wet,Dark - Street Lights On,N,Y
175,REPORT175,STATUS3,ADDRTYPE1,"6260 Heather Court
Gallagherhaven, LA 43826",Rear Ended,5,1,1,3,1,1,1,2024-01-04,2023-12-15 03:25:08,Other,Dry,Other,N,N
176,REPORT176,STATUS2,ADDRTYPE2,"300 Carroll Plaza Apt. 301
West Bryanberg, CO 26738",Angles,3,2,1,2,3,0,1,2024-01-24,2023-07-02 03:25:08,,,,Y,Y
177,REPORT177,STATUS3,ADDRTYPE1,"27474 Johnny Viaduct Suite 977
North Christopherberg, KY 56283",Pedestrian,5,2,0,2,3,1,1,2023-08-09,2023-04-01 03:25:08,,,,N,Y
178,REPORT178,STATUS1,ADDRTYPE3,"56239 Carrie River
New Jeremy, IA 93557",Left Turn,4,0,0,3,1,0,0,2023-07-26,2023-04-02 03:25:08,Unknown,Unknown,Dark - Street Lights Off,Y,Y
179,REPORT179,STATUS3,ADDRTYPE1,"77743 Emily Pass
North Anthony, FM 51431",Parked Car,2,2,0,1,1,1,0,2023-05-27,2023-08-20 03:25:08,Other,Unknown,Dark - Street Lights Off,Y,Y
180,REPORT180,STATUS1,ADDRTYPE2,"249 Lindsey Club Suite 842
Jasonbury, WA 78203",Rear Ended,5,2,0,1,0,0,0,2023-09-16,2023-11-16 03:25:08,,,,Y,Y
181,REPORT181,STATUS3,ADDRTYPE3,"5149 Sylvia Underpass
Brianashire, PW 46023",Parked Car,2,2,1,1,0,1,0,2023-02-26,2023-10-20 03:25:08,Overcast,Wet,Dark - Street Lights On,Y,Y
182,REPORT182,STATUS2,ADDRTYPE2,"46843 Holland Glen Apt. 126
Snyderhaven, NC 20773",Cycles,2,1,0,1,2,1,0,2023-04-01,2023-03-22 03:25:08,Unknown,Standing Water,Dark - No Street Lights,Y,N
183,REPORT183,STATUS3,ADDRTYPE3,"239 Anna Center
Lake Kristie, ND 40925",Rear Ended,2,2,0,1,2,0,1,2023-10-24,2023-10-29 03:25:08,Blowing Sand/Dirt,Wet,Dark - No Street Lights,N,Y
184,REPORT184,STATUS3,ADDRTYPE3,"08886 King Oval Apt. 095
West Tracyville, WY 41110",Parked Car,1,1,0,3,1,1,0,2023-10-29,2023-09-20 03:25:08,Other,Dry,Dawn,Y,Y
185,REPORT185,STATUS3,ADDRTYPE2,"052 Julia Fords Suite 020
South Sarahland, MT 21826",Angles,5,2,1,2,3,0,0,2023-08-31,2023-11-12 03:25:08,Clear,Sand/Mud/Dirt,Dark - Street Lights On,Y,N
186,REPORT186,STATUS1,ADDRTYPE2,"50740 Fuentes Pike Suite 721
Jacksonshire, NM 56248",Other,3,1,0,1,2,0,0,2023-07-16,2023-05-21 03:25:08,Unknown,Dry,Dark - Street Lights Off,Y,N
187,REPORT187,STATUS1,ADDRTYPE2,"7939 Robin Groves
Sharonside, MP 78707",Left Turn,5,0,0,2,2,0,0,2023-06-19,2023-10-17 03:25:08,Sleet/Hail/Freezing Rain,Other,Dawn,Y,N
188,REPORT188,STATUS2,ADDRTYPE2,"702 Edward Valley
Watsonburgh, IA 63223",Left Turn,3,2,0,2,3,1,1,2024-01-19,2023-08-10 03:25:08,Raining,Wet,Dusk,Y,N
189,REPORT189,STATUS1,ADDRTYPE1,"96707 Melissa Hills
East Justin, PA 15840",Pedestrian,5,2,1,2,0,1,1,2023-06-03,2023-10-09 03:25:08,Severe Crosswind,Oil,Dark - Street Lights On,Y,N
190,REPORT190,STATUS3,ADDRTYPE2,"1676 Katie Summit
East Brookeside, NV 21249",Rear Ended,5,0,0,3,0,1,0,2023-07-16,2023-03-19 03:25:08,Severe Crosswind,Snow/Slush,Dark - Street Lights Off,N,N
191,REPORT191,STATUS3,ADDRTYPE3,"37769 Whitney Circles
Candaceton, MA 98271",Parked Car,2,1,0,1,0,1,0,2023-03-27,2024-01-24 03:25:08,Clear,Ice,Other,Y,N
192,REPORT192,STATUS1,ADDRTYPE1,"75546 Paul Burg
West Andrew, AL 85464",Cycles,3,0,1,3,1,0,1,2024-01-24,2023-10-02 03:25:08,Other,Dry,Daylight,Y,N
193,REPORT193,STATUS3,ADDRTYPE2,"38517 James Ranch
Shannonville, ND 88850",Left Turn,3,1,1,2,1,1,0,2023-09-17,2024-01-08 03:25:08,Raining,Other,Dawn,N,N
194,REPORT194,STATUS2,ADDRTYPE1,"0290 Shawn Forks Apt. 478
Mistyhaven, NY 72343",Left Turn,3,0,1,1,0,0,1,2023-12-25,2023-12-08 03:25:08,Fog/Smog/Smoke,Other,Dark - No Street Lights,N,N
195,REPORT195,STATUS2,ADDRTYPE3,"0804 Shirley Wall Suite 832
East Hector, CT 92961",Cycles,5,2,0,1,3,1,0,2023-10-05,2023-04-04 03:25:08,Severe Crosswind,Unknown,Daylight,N,Y
196,REPORT196,STATUS1,ADDRTYPE3,"4022 Reynolds Neck Suite 108
Huffmanside, KY 06948",Angles,3,1,1,3,0,1,1,2023-08-17,2024-02-08 03:25:08,Severe Crosswind,Other,Unknown,N,N
197,REPORT197,STATUS1,ADDRTYPE3,"48492 Jaime Crest
Amyport, ND 42920",Parked Car,5,2,0,3,0,0,0,2023-09-29,2023-03-30 03:25:08,Raining,Oil,Dusk,Y,Y
198,REPORT198,STATUS2,ADDRTYPE1,"9241 Chelsea Avenue Suite 848
Thompsonland, AL 58006",Left Turn,1,2,1,2,1,0,0,2023-08-24,2023-04-29 03:25:08,Blowing Sand/Dirt,Dry,Unknown,N,Y
199,REPORT199,STATUS2,ADDRTYPE1,"825 Kelsey Knoll Suite 900
Keymouth, AZ 78113",Pedestrian,2,0,1,2,3,0,1,2023-02-20,2023-12-29 03:25:08,Sleet/Hail/Freezing Rain,Standing Water,Daylight,N,Y
200,REPORT200,STATUS1,ADDRTYPE2,"4605 Osborne Vista Apt. 495
East Michaelburgh, NY 24517",Left Turn,4,2,1,2,2,1,1,2023-07-20,2023-12-25 03:25:08,Overcast,Standing Water,Unknown,N,Y
201,REPORT201,STATUS1,ADDRTYPE2,"3034 Newman Cove Apt. 792
South Maria, PR 42462",Sideswipe,1,1,0,2,3,1,1,2023-10-16,2023-06-29 03:25:08,,,,Y,N
202,REPORT202,STATUS1,ADDRTYPE2,"4329 Catherine Ford
Silvashire, FL 48612",Other,3,2,1,1,1,0,0,2023-09-09,2023-04-20 03:25:08,Clear,Wet,Unknown,Y,N
203,REPORT203,STATUS3,ADDRTYPE3,"58205 Hahn Plains
Ramirezburgh, SD 05095",Angles,2,0,0,3,2,0,0,2024-01-26,2023-12-19 03:25:08,Raining,Ice,Other,N,Y
204,REPORT204,STATUS1,ADDRTYPE2,"5953 Marks Inlet
Gonzalezburgh, MT 39089",Rear Ended,2,0,1,3,1,1,0,2023-11-18,2023-12-27 03:25:08,Clear,Oil,Daylight,N,N
205,REPORT205,STATUS1,ADDRTYPE1,"90274 Christina Centers
Penningtonmouth, PR 10803",Parked Car,2,1,1,1,0,0,1,2024-01-30,2023-12-09 03:25:08,Sleet/Hail/Freezing Rain,Unknown,Daylight,Y,N
206,REPORT206,STATUS3,ADDRTYPE2,"07076 Brown Plaza
New Lukeshire, MP 73931",Cycles,2,0,0,1,2,1,1,2024-02-19,2023-09-28 03:25:08,Blowing Sand/Dirt,Snow/Slush,Dusk,Y,N
207,REPORT207,STATUS2,ADDRTYPE3,"0674 Byrd Village Suite 653
New Christophermouth, WI 18434",Pedestrian,3,2,0,3,1,1,0,2024-01-24,2023-10-08 03:25:08,Unknown,Wet,Dawn,Y,N
208,REPORT208,STATUS1,ADDRTYPE2,"PSC 9637, Box 0485
APO AP 88038",Angles,2,1,1,2,0,0,1,2023-03-18,2023-11-19 03:25:08,Other,Unknown,Dark - No Street Lights,Y,N
209,REPORT209,STATUS3,ADDRTYPE3,"30041 Lawson Plains Suite 403
Teresahaven, OK 87539",Sideswipe,4,1,1,3,1,0,0,2023-09-08,2024-01-03 03:25:08,Fog/Smog/Smoke,Sand/Mud/Dirt,Dark - Street Lights Off,N,Y
210,REPORT210,STATUS1,ADDRTYPE3,"6013 Martin Trail
South David, MS 57082",Sideswipe,4,1,1,3,3,1,0,2023-11-03,2024-01-11 03:25:08,,,,N,N
211,REPORT211,STATUS1,ADDRTYPE3,"USS Harper
FPO AA 41800",Cycles,2,1,0,3,1,0,0,2023-09-26,2023-06-11 03:25:08,Snowing,Snow/Slush,Dark - Street Lights Off,Y,N
212,REPORT212,STATUS3,ADDRTYPE2,"36972 Henry Islands Suite 005
North Stacy, NM 91813",Other,5,1,0,1,3,0,1,2023-06-23,2023-08-18 03:25:08,Unknown,Ice,Unknown,N,Y
213,REPORT213,STATUS2,ADDRTYPE1,"41046 Cruz Summit Apt. 387
Onealton, FL 59614",Sideswipe,3,2,0,1,1,0,1,2023-09-29,2023-11-05 03:25:08,Clear,Oil,Unknown,Y,Y
214,REPORT214,STATUS3,ADDRTYPE2,"7908 Huerta Ridge
Port Laura, PW 01806",Cycles,4,1,0,1,0,0,1,2023-04-15,2023-08-03 03:25:08,Clear,Standing Water,Unknown,N,Y
215,REPORT215,STATUS1,ADDRTYPE3,"063 Gonzalez Vista
Sherrishire, OK 21540",Other,4,1,0,1,3,1,0,2023-12-30,2023-12-30 03:25:08,Clear,Unknown,Unknown,Y,N
216,REPORT216,STATUS2,ADDRTYPE2,"4512 Christopher Ford Suite 260
Jameschester, OR 32710",Angles,4,0,1,1,3,1,1,2023-07-14,2023-06-13 03:25:08,Unknown,Dry,Dark - No Street Lights,Y,Y
217,REPORT217,STATUS3,ADDRTYPE2,"894 Amanda Square
Angelicastad, GU 84152",Parked Car,1,1,0,3,0,1,0,2023-11-17,2024-02-08 03:25:08,,,,N,N
218,REPORT218,STATUS3,ADDRTYPE2,"171 Elizabeth Isle
South Katrina, ND 68052",Angles,1,0,1,2,3,0,1,2023-10-13,2023-07-23 03:25:08,Severe Crosswind,Snow/Slush,Unknown,N,Y
219,REPORT219,STATUS2,ADDRTYPE3,"13610 Rubio Knoll Suite 702
Amandaland, RI 70746",Cycles,4,2,1,1,1,0,1,2023-06-13,2024-01-13 03:25:08,Fog/Smog/Smoke,Oil,Daylight,Y,N
220,REPORT220,STATUS1,ADDRTYPE3,"Unit 2021 Box 1337
DPO AE 59599",Parked Car,5,2,1,1,1,1,0,2023-08-17,2023-06-15 03:25:08,,,,N,N
221,REPORT221,STATUS3,ADDRTYPE2,"514 Espinoza Rapid
Johnburgh, WY 96864",Cycles,3,2,0,1,3,1,0,2023-09-01,2023-04-05 03:25:08,,,,N,Y
222,REPORT222,STATUS3,ADDRTYPE2,"5014 Jimenez Summit
New Stephenton, AR 02715",Angles,3,2,0,3,1,1,0,2023-09-17,2024-01-11 03:25:08,Sleet/Hail/Freezing Rain,Other,Dawn,N,Y
223,REPORT223,STATUS3,ADDRTYPE2,"56987 Brian Villages
Nicolemouth, IL 29281",Left Turn,4,0,1,3,3,1,1,2023-12-24,2023-11-04 03:25:08,Clear,Sand/Mud/Dirt,Dark - Street Lights Off,N,Y
224,REPORT224,STATUS1,ADDRTYPE1,"5348 Marie Lights
Lake Maria, MN 27625",Left Turn,4,1,1,3,2,0,0,2024-01-01,2023-03-05 03:25:08,Fog/Smog/Smoke,Wet,Dark - No Street Lights,N,Y