OBJECTID,REPORTNO,STATUS,ADDRTYPE,LOCATION,COLLISIONTYPE,PERSONCOUNT,PEDCOUNT,PEDCYLCOUNT,VEHCOUNT,INJURIES,SERIOUSINJURIES,FATALITIES,INCDATE,INCDTTM,WEATHER,ROADCOND,LIGHTCOND,SPEEDING,HITPARKEDCAR
337,REPORT337,STATUS3,ADDRTYPE3,"33244 Michael Prairie Suite 447
Allenside, OR 57866",Cycles,5,2,0,1,2,0,0,2023-05-22,2023-10-17 03:25:08,Blowing Sand/Dirt,Snow/Slush,Dark - Street Lights Off,Y,N
338,REPORT338,STATUS3,ADDRTYPE2,"23749 Jon Road Apt. 607
Raymouth, NC 44909",Rear Ended,3,0,0,3,3,1,0,2023-10-21,2024-01-13 03:25:08,,,,N,N
339,REPORT339,STATUS3,ADDRTYPE3,"030 Ashley Wells
Johnsonhaven, UT 78203",Angles,1,2,1,2,3,0,0,2023-09-23,2023-11-01 03:25:08,Snowing,Dry,Unknown,N,N
340,REPORT340,STATUS1,ADDRTYPE2,"70729 Padilla Freeway Apt. 189
West Kathrynton, MD 65027",Pedestrian,3,0,1,2,0,0,1,2024-01-30,2023-03-20 03:25:08,Clear,Unknown,Dark - Street Lights Off,N,N
341,REPORT341,STATUS3,ADDRTYPE3,"48937 Taylor Lakes
New Jessicafort, RI 49293",Cycles,2,2,1,2,3,1,0,2023-03-29,2023-08-13 03:25:08,Blowing Sand/Dirt,Oil,Dusk,Y,Y
342,REPORT342,STATUS2,ADDRTYPE2,"82711 Henry Path Suite 078
Seanburgh, CT 34905",Other,5,0,0,3,2,1,1,2023-12-06,2023-08-13 03:25:08,Other,Unknown,Unknown,N,N
343,REPORT343,STATUS1,ADDRTYPE2,"94383 Steve Walk
New Amy, NV 76928",Other,5,2,1,3,3,0,1,2023-09-30,2023-12-07 03:25:08,Clear,Snow/Slush,Dusk,N,N
344,REPORT344,STATUS1,ADDRTYPE2,"647 Danielle Well
Port Bryanport, HI 12118",Left Turn,5,0,0,3,2,1,0,2023-12-13,2023-09-12 03:25:08,Severe Crosswind,Oil,Daylight,Y,Y
345,REPORT345,STATUS3,ADDRTYPE1,"547 Luis Spring
Proctormouth, KS 17289",Rear Ended,2,0,0,1,0,0,0,2023-10-04,2023-12-19 03:25:08,Other,Ice,Dusk,N,Y
346,REPORT346,STATUS2,ADDRTYPE2,"30932 Strong Squares Apt. 210
South Danielshire, VI 64879",Rear Ended,4,2,1,1,1,0,1,2024-01-24,2024-02-15 03:25:08,Snowing,Unknown,Dark - No Street Lights,Y,Y
347,REPORT347,STATUS3,ADDRTYPE2,"9240 Ashley Mission Apt. 786
Tammyshire, WI 91626",Sideswipe,3,0,0,1,3,1,1,2023-03-28,2023-09-09 03:25:08,Severe Crosswind,Unknown,Unknown,N,Y
348,REPORT348,STATUS3,ADDRTYPE1,"264 Johnny Place
South Kristinton, IN 77144",Cycles,1,1,0,2,0,1,0,2023-10-15,2023-03-04 03:25:08,Unknown,Other,Daylight,Y,Y
349,REPORT349,STATUS1,ADDRTYPE1,"0791 Kyle Summit Apt. 493
Lake Joshuachester, GA 57823",Cycles,2,1,0,2,0,1,0,2023-11-04,2024-02-14 03:25:08,Clear,Dry,Dark - No Street Lights,N,N
350,REPORT350,STATUS1,ADDRTYPE2,"Unit 0277 Box 2097
DPO AE 53724",Sideswipe,4,1,1,3,3,1,0,2023-05-22,2023-09-04 03:25:08,Other,Wet,Dusk,Y,Y
351,REPORT351,STATUS3,ADDRTYPE3,"78670 Wallace Station Suite 117
Lake Jeffreyfort, AZ 11962",Rear Ended,4,0,0,2,1,0,0,2023-12-22,2023-11-02 03:25:08,Severe Crosswind,Snow/Slush,Unknown,Y,Y
352,REPORT352,STATUS1,ADDRTYPE2,"7324 Arias Ridge
Lake Lori, KS 94407",Angles,1,2,0,2,2,1,1,2024-02-19,2023-06-26 03:25:08,Fog/Smog/Smoke,Unknown,Dark - No Street Lights,Y,N
353,REPORT353,STATUS1,ADDRTYPE3,"18723 Ronald Ridges Apt. 131
Port Gregoryside, LA 11968",Pedestrian,2,1,0,1,0,1,1,2023-03-24,2023-05-05 03:25:08,Fog/Smog/Smoke,Other,Unknown,N,N
354,REPORT354,STATUS1,ADDRTYPE2,"0931 Kim Orchard
Joshuaberg, MS 98135",Parked Car,4,1,0,3,0,1,0,2023-08-26,2023-09-08 03:25:08,Clear,Sand/Mud/Dirt,Dark - Street Lights On,N,N
355,REPORT355,STATUS3,ADDRTYPE3,"2363 Dougherty Unions Apt. 482
Johnsonchester, SC 48643",Sideswipe,5,2,1,1,1,1,0,2023-04-02,2023-10-23 03:25:08,Raining,Standing Water,Unknown,N,N
356,REPORT356,STATUS1,ADDRTYPE2,"5798 Johnny Light Suite 966
Port Johnny, DE 26612",Left Turn,1,0,0,2,2,0,1,2023-04-16,2023-05-08 03:25:08,Blowing Sand/Dirt,Unknown,Dusk,Y,N
357,REPORT357,STATUS3,ADDRTYPE1,"9267 Mitchell River Apt. 335
Jennifermouth, MT 09650",Pedestrian,5,0,0,1,0,0,1,2023-08-15,2024-01-17 03:25:08,Fog/Smog/Smoke,Sand/Mud/Dirt,Unknown,N,N
358,REPORT358,STATUS1,ADDRTYPE3,"1831 Kevin Trail
North Robertberg, DE 65044",Left Turn,1,2,0,3,1,0,0,2023-09-06,2023-08-06 03:25:08,Snowing,Dry,Dark - Street Lights Off,N,Y
359,REPORT359,STATUS2,ADDRTYPE2,"68329 Caleb Extensions Apt. 683
Port Davidmouth, WV 77870",Rear Ended,3,2,0,2,3,1,1,2024-01-08,2023-09-27 03:25:08,Blowing Sand/Dirt,Unknown,Dusk,N,Y
360,REPORT360,STATUS1,ADDRTYPE2,"USCGC Wilson
FPO AP 21883",Pedestrian,3,2,1,3,1,1,0,2023-02-23,2023-04-17 03:25:08,Sleet/Hail/Freezing Rain,Ice,Dawn,N,Y
361,REPORT361,STATUS3,ADDRTYPE1,"881 Douglas Loop
West Dana, DC 48656",Rear Ended,2,0,0,2,1,0,1,2023-05-14,2023-11-03 03:25:08,Fog/Smog/Smoke,Unknown,Daylight,Y,N
362,REPORT362,STATUS1,ADDRTYPE3,"50499 Baker Ranch
Markberg, MN 89189",Other,4,1,0,2,0,1,0,2023-10-07,2023-05-26 03:25:08,Severe Crosswind,Snow/Slush,Dark - Street Lights Off,Y,Y
363,REPORT363,STATUS3,ADDRTYPE3,"212 Nicole Light
South Tara, FM 80589",Left Turn,5,1,1,2,2,1,0,2023-12-13,2023-10-31 03:25:08,Severe Crosswind,Snow/Slush,Dawn,Y,N
364,REPORT364,STATUS3,ADDRTYPE3,"PSC 4999, Box 3759
APO AA 72574",Sideswipe,4,2,1,3,3,1,1,2023-07-25,2023-12-29 03:25:08,Blowing Sand/Dirt,Wet,Dark - Street Lights Off,N,Y
365,REPORT365,STATUS1,ADDRTYPE1,"6253 Scott Squares
Allenport, MN 84465",Angles,3,0,1,1,1,0,1,2023-04-12,2023-05-08 03:25:08,Snowing,Unknown,Dark - Street Lights Off,Y,N
366,REPORT366,STATUS3,ADDRTYPE3,"4452 Mcdonald Valleys
North Lisa, OH 20069",Pedestrian,5,2,1,3,3,1,0,2023-09-22,2023-09-30 03:25:08,Overcast,Ice,Other,Y,N
367,REPORT367,STATUS1,ADDRTYPE3,"58171 Schmidt Port
New David, ME 06645",Cycles,2,2,1,2,2,1,0,2023-09-06,2023-04-14 03:25:08,Fog/Smog/Smoke,Ice,Other,N,N
368,REPORT368,STATUS2,ADDRTYPE2,"037 Megan Expressway
Blackbury, GA 48941",Sideswipe,4,1,1,3,3,1,0,2024-01-21,2023-03-13 03:25:08,Sleet/Hail/Freezing Rain,Standing Water,Dark - No Street Lights,Y,Y
369,REPORT369,STATUS3,ADDRTYPE2,"2334 Jensen Port
North Micheleton, LA 40354",Angles,1,2,0,3,3,1,1,2023-04-05,2024-01-12 03:25:08,Unknown,Wet,Unknown,N,N
370,REPORT370,STATUS3,ADDRTYPE1,"225 Mccarthy Falls Apt. 063
Port Ellenborough, MH 67893",Parked Car,1,2,1,3,0,0,1,2024-02-14,2023-05-02 03:25:08,Overcast,Ice,Dawn,N,N
371,REPORT371,STATUS3,ADDRTYPE3,"8149 Roberts Overpass Apt. 392
Davidton, LA 69964",Angles,5,2,1,2,2,0,1,2023-08-21,2023-03-26 03:25:08,Clear,Unknown,Daylight,Y,Y
372,REPORT372,STATUS3,ADDRTYPE2,"428 Holder Tunnel Suite 907
North John, WI 13637",Pedestrian,1,0,0,3,1,1,0,2023-10-30,2023-07-19 03:25:08,Snowing,Oil,Dark - Street Lights On,N,N
373,REPORT373,STATUS2,ADDRTYPE1,"0509 Wright Fort Suite 624
Juarezmouth, VT 23267",Left Turn,1,1,0,3,0,0,0,2023-09-29,2023-03-07 03:25:08,Snowing,Other,Dawn,N,N
374,REPORT374,STATUS2,ADDRTYPE3,"5987 Elizabeth Hollow
Lake Lauraside, MS 22479",Left Turn,3,0,0,1,0,1,1,2023-11-21,2023-07-12 03:25:08,Raining,Dry,Dawn,Y,Y
375,REPORT375,STATUS1,ADDRTYPE1,"81153 Stokes Ford Suite 325
Port Robinmouth, AS 00674",Left Turn,2,2,1,1,1,1,0,2023-10-11,2023-09-10 03:25:08,Unknown,Sand/Mud/Dirt,Dusk,Y,N
376,REPORT376,STATUS3,ADDRTYPE3,"942 Janet Land Apt. 364
Port Amandaview, IL 48788",Parked Car,1,2,1,3,2,1,1,2024-02-11,2023-09-09 03:25:08,,,,N,Y
377,REPORT377,STATUS3,ADDRTYPE2,"962 Anderson Pine
North Heatherborough, AR 10768",Other,1,2,0,3,3,0,1,2023-05-20,2023-11-10 03:25:08,Snowing,Other,Daylight,Y,N
378,REPORT378,STATUS2,ADDRTYPE3,"10741 Jose Burg Apt. 918
East Sandra, PR 66198",Pedestrian,4,0,1,2,2,0,0,2023-03-20,2023-11-11 03:25:08,Other,Wet,Dark - Street Lights Off,Y,N
379,REPORT379,STATUS1,ADDRTYPE3,"6986 Walker Cliff Suite 104
Christopherburgh, GU 09594",Rear Ended,5,1,1,2,2,1,1,2023-04-27,2024-01-25 03:25:08,Severe Crosswind,Sand/Mud/Dirt,Unknown,N,N
380,REPORT380,STATUS2,ADDRTYPE3,"85655 Joy Valleys
North Dale, OR 22264",Rear Ended,3,0,0,1,3,1,0,2023-12-27,2023-06-12 03:25:08,Fog/Smog/Smoke,Oil,Unknown,Y,Y
381,REPORT381,STATUS2,ADDRTYPE3,"78095 Jamie Glen Apt. 671
Port Heatherside, MD 11812",Rear Ended,5,0,1,1,3,0,1,2023-03-04,2023-06-09 03:25:08,Clear,Standing Water,Other,N,N
382,REPORT382,STATUS1,ADDRTYPE1,"7413 Brown Village Apt. 793
New Jordanburgh, OH 72655",Parked Car,4,1,0,2,3,1,1,2023-08-08,2024-01-27 03:25:08,Severe Crosswind,Ice,Unknown,N,N
383,REPORT383,STATUS3,ADDRTYPE3,"60852 Shields Gateway
Aliciaborough, MT 30292",Left Turn,4,0,1,1,2,1,0,2023-03-22,2023-10-02 03:25:08,Snowing,Sand/Mud/Dirt,Dusk,Y,Y
384,REPORT384,STATUS3,ADDRTYPE1,"813 Charles Stravenue Suite 023
Amychester, WI 21387",Cycles,4,2,1,2,1,1,1,2023-10-11,2023-07-19 03:25:08,,,,N,N
385,REPORT385,STATUS2,ADDRTYPE3,"750 Melody Station Apt. 669
Brittanyport, NH 88897",Cycles,1,0,0,2,2,1,0,2023-04-05,2023-12-20 03:25:08,,,,N,Y
386,REPORT386,STATUS2,ADDRTYPE3,"7978 Shawn Crossroad
Hensonstad, NJ 98000",Parked Car,5,1,0,3,1,1,1,2023-04-01,2023-12-18 03:25:08,Snowing,Ice,Dark - Street Lights Off,Y,Y
387,REPORT387,STATUS2,ADDRTYPE1,"82896 Emily Manors
Gomezview, MP 62818",Parked Car,5,2,0,3,2,0,1,2023-04-16,2023-07-03 03:25:08,Severe Crosswind,Wet,Dark - Street Lights Off,N,N
388,REPORT388,STATUS1,ADDRTYPE2,"9763 Michael Branch
Greenmouth, GA 98341",Left Turn,5,0,1,1,1,0,0,2023-05-13,2023-11-24 03:25:08,,,,N,Y
389,REPORT389,STATUS1,ADDRTYPE2,"Unit 6525 Box 8642
DPO AA 37968",Left Turn,2,1,0,3,3,1,0,2023-11-06,2023-04-18 03:25:08,Raining,Unknown,Dusk,Y,N
390,REPORT390,STATUS2,ADDRTYPE1,"542 Nicole Cove
Justinfurt, NM 48826",Parked Car,3,2,1,3,2,0,0,2023-07-08,2023-09-05 03:25:08,Snowing,Other,Dark - No Street Lights,N,N
391,REPORT391,STATUS3,ADDRTYPE3,"29838 Kristin Drive Apt. 269
Christopherhaven, OK 57016",Pedestrian,1,1,1,2,2,1,0,2023-10-30,2023-04-23 03:25:08,Severe Crosswind,Unknown,Dark - Street Lights On,N,Y
392,REPORT392,STATUS3,ADDRTYPE2,"2393 Tiffany Mills Suite 057
New Daniel, NH 12273",Sideswipe,3,1,1,1,0,0,0,2023-09-06,2023-08-07 03:25:08,Other,Standing Water,Dusk,N,Y
393,REPORT393,STATUS1,ADDRTYPE3,"81855 Luis Estate
South Claudiashire, DC 11501",Left Turn,1,0,0,3,1,0,1,2023-10-05,2023-10-21 03:25:08,Snowing,Other,Dawn,Y,Y
394,REPORT394,STATUS1,ADDRTYPE1,"4045 Elliott Road Apt. 578
New Leonardstad, SD 16253",Cycles,5,0,1,1,2,0,0,2023-11-07,2023-04-30 03:25:08,Overcast,Snow/Slush,Unknown,N,Y
395,REPORT395,STATUS3,ADDRTYPE1,"87980 Lee Lodge
Samuelstad, MS 24887",Sideswipe,2,2,0,2,2,0,1,2023-04-28,2024-02-09 03:25:08,Sleet/Hail/Freezing Rain,Standing Water,Dark - Street Lights Off,N,Y
396,REPORT396,STATUS1,ADDRTYPE2,"4859 Jack Stream
South Jeffrey, TX 24268",Cycles,2,1,1,3,3,1,0,2023-04-03,2023-09-27 03:25:08,Sleet/Hail/Freezing Rain,Standing Water,Dark - Street Lights On,Y,Y
397,REPORT397,STATUS3,ADDRTYPE2,"211 Felicia Lodge Apt. 034
Pamelafort, MA 01925",Rear Ended,5,0,1,2,1,0,0,2023-08-01,2024-02-10 03:25:08,Clear,Oil,Unknown,Y,N
398,REPORT398,STATUS2,ADDRTYPE3,"803 Davis Track Apt. 083
Michelefurt, TN 27238",Left Turn,3,2,1,3,1,1,0,2023-12-02,2023-03-27 03:25:08,Sleet/Hail/Freezing Rain,Wet,Dusk,N,N
399,REPORT399,STATUS1,ADDRTYPE2,"26248 Donna Roads
Lake Deannaborough, NM 91862",Left Turn,4,1,1,1,2,1,0,2023-07-06,2023-05-01 03:25:08,Clear,Other,Other,Y,Y
400,REPORT400,STATUS2,ADDRTYPE1,"12564 Kristine Extension Apt. 082
New Allison, FL 52751",Angles,5,1,0,2,1,1,1,2023-10-24,2024-02-17 03:25:08,Sleet/Hail/Freezing Rain,Sand/Mud/Dirt,Unknown,Y,Y
401,REPORT401,STATUS1,ADDRTYPE1,"58398 Castillo Heights
South Michele, KS 17504",Pedestrian,1,0,1,2,1,0,1,2023-07-12,2023-06-28 03:25:08,Clear,Dry,Dawn,Y,Y
402,REPORT402,STATUS1,ADDRTYPE1,"14432 Meza Mountain Suite 862
Lake Jeffreyfort, MA 37506",Sideswipe,3,0,1,1,1,0,1,2023-08-15,2023-09-27 03:25:08,Other,Ice,Dark - No Street Lights,N,Y
403,REPORT403,STATUS2,ADDRTYPE3,"4141 Morgan Port Apt. 865
Coxstad, MH 17444",Rear Ended,4,0,0,2,1,0,0,2023-12-06,2023-12-14 03:25:08,Sleet/Hail/Freezing Rain,Unknown,Daylight,N,N
404,REPORT404,STATUS2,ADDRTYPE2,"266 Murray Spur
Weisston, WA 71392",Cycles,2,2,1,1,1,0,0,2023-06-19,2023-07-28 03:25:08,Blowing Sand/Dirt,Ice,Dark - Street Lights On,N,Y
405,REPORT405,STATUS1,ADDRTYPE3,"PSC 7710, Box 8524
APO AE 18099",Sideswipe,1,0,1,2,0,1,1,2024-01-03,2024-02-01 03:25:08,Unknown,Other,Dawn,Y,Y
406,REPORT406,STATUS2,ADDRTYPE3,"Unit 4814 Box 1268
DPO AE 16173",Other,2,0,1,2,0,1,0,2023-06-11,2023-05-22 03:25:08,Fog/Smog/Smoke,Other,Dark - Street Lights On,N,Y
407,REPORT407,STATUS3,ADDRTYPE2,"277 Tyler Hills Suite 878
North Johnbury, KS 47276",Rear Ended,1,2,1,2,2,1,0,2023-11-19,2023-05-25 03:25:08,Clear,Other,Other,N,N
408,REPORT408,STATUS3,ADDRTYPE1,"66818 Samuel Locks Apt. 901
Port James, MH 95101",Cycles,4,2,1,1,1,0,0,2023-06-29,2024-01-30 03:25:08,Severe Crosswind,Oil,Dusk,Y,N
409,REPORT409,STATUS2,ADDRTYPE2,"USNS Holden
FPO AA 32011",Parked Car,1,1,1,3,3,0,1,2023-11-17,2023-08-31 03:25:08,Raining,Dry,Other,N,N
410,REPORT410,STATUS3,ADDRTYPE2,"2549 Pamela Lights Suite 154
New Robert, PR 60679",Pedestrian,4,0,0,2,2,0,1,2023-11-21,2023-03-26 03:25:08,Snowing,Standing Water,Dawn,N,Y
411,REPORT411,STATUS3,ADDRTYPE2,"640 Joe Garden
Hoodstad, TX 35661",Parked Car,5,0,0,1,2,0,0,2023-11-15,2024-02-11 03:25:08,Severe Crosswind,Wet,Dark - Street Lights On,N,Y
412,REPORT412,STATUS3,ADDRTYPE3,"PSC 3128, Box 1684
APO AA 71455",Other,5,2,0,1,1,1,1,2023-05-04,2024-01-15 03:25:08,Blowing Sand/Dirt,Ice,Other,Y,Y
413,REPORT413,STATUS1,ADDRTYPE2,"4208 Samuel Meadows
Victorchester, IN 99722",Rear Ended,1,0,0,2,1,1,1,2023-06-13,2023-06-24 03:25:08,Other,Unknown,Unknown,N,N
414,REPORT414,STATUS3,ADDRTYPE1,"555 Jonathan Mountains Apt. 589
North Mary, ID 31832",Angles,3,2,1,1,0,0,0,2023-11-19,2024-01-02 03:25:08,Raining,Sand/Mud/Dirt,Dark - Street Lights On,Y,N
415,REPORT415,STATUS3,ADDRTYPE2,"379 Smith Islands Suite 256
Christopherbury, MH 22848",Other,2,2,0,1,2,0,1,2023-03-25,2023-07-22 03:25:08,Sleet/Hail/Freezing Rain,Ice,Dark - No Street Lights,N,Y
416,REPORT416,STATUS2,ADDRTYPE1,"9926 Hill Spurs
Morganmouth, VT 16927",Rear Ended,1,0,1,1,2,0,1,2023-09-28,2023-09-18 03:25:08,,,,N,Y
417,REPORT417,STATUS3,ADDRTYPE1,"596 Ashley Falls Suite 494
South Melinda, MP 86933",Cycles,1,1,1,2,1,0,0,2024-02-09,2023-10-02 03:25:08,Snowing,Ice,Daylight,Y,Y
418,REPORT418,STATUS1,ADDRTYPE1,"27541 Clifford Crescent Apt. 848
Fernandezhaven, NH 65746",Left Turn,2,2,0,3,2,1,0,2023-09-14,2023-09-10 03:25:08,Snowing,Snow/Slush,Dark - Street Lights Off,Y,Y
419,REPORT419,STATUS1,ADDRTYPE3,"0285 Cole Plaza
Holmesside, AR 77039",Pedestrian,1,0,0,1,3,1,1,2023-11-28,2023-08-26 03:25:08,Snowing,Standing Water,Dawn,Y,Y
420,REPORT420,STATUS2,ADDRTYPE3,"900 Christina Ways
North Debbie, GA 76063",Parked Car,2,1,0,2,1,1,1,2023-11-21,2023-07-30 03:25:08,Sleet/Hail/Freezing Rain,Wet,Dark - Street Lights On,N,Y
421,REPORT421,STATUS1,ADDRTYPE3,"064 Douglas Ranch Apt. 945
Masonmouth, ME 12926",Pedestrian,4,1,1,3,2,1,0,2023-08-02,2024-01-10 03:25:08,Overcast,Other,Other,Y,Y
422,REPORT422,STATUS1,ADDRTYPE2,"330 Craig Crossing
West Garyland, AR 44527",Other,3,1,0,1,0,0,0,2023-03-05,2023-05-11 03:25:08,Unknown,Standing Water,Dark - Street Lights Off,Y,N
423,REPORT423,STATUS3,ADDRTYPE3,"966 Erin Park
Reillyshire, OR 13740",Pedestrian,5,1,0,1,0,1,0,2023-04-14,2023-09-12 03:25:08,Overcast,Unknown,Unknown,Y,N
424,REPORT424,STATUS3,ADDRTYPE2,"539 Jonathan Groves Apt. 168
Krausehaven, RI 19764",Cycles,5,0,1,2,3,0,0,2023-11-15,2023-06-12 03:25:08,Overcast,Standing Water,Other,Y,Y
425,REPORT425,STATUS1,ADDRTYPE1,"368 Walker Parks
Port Rachelton, UT 64646",Rear Ended,3,0,1,2,3,0,0,2024-01-15,2023-04-12 03:25:08,Severe Crosswind,Unknown,Dawn,Y,N
426,REPORT426,STATUS2,ADDRTYPE2,"Unit 4076 Box 7366
DPO AE 74598",Parked Car,2,0,0,3,1,0,1,2023-12-08,2024-01-26 03:25:08,,,,Y,N
427,REPORT427,STATUS2,ADDRTYPE1,"244 Johnson Glens Suite 723
South Jenniferfort, OH 43858",Other,3,0,1,3,3,1,1,2024-01-14,2023-08-02 03:25:08,Unknown,Snow/Slush,Dark - Street Lights On,Y,Y
428,REPORT428,STATUS3,ADDRTYPE2,"557 Joseph Drive
Deleonshire, TX 87892",Left Turn,2,1,1,2,2,1,0,2023-07-16,2023-09-20 03:25:08,Raining,Standing Water,Dark - Street Lights On,Y,N
429,REPORT429,STATUS1,ADDRTYPE3,"8977 Jeffery Divide Suite 242
East Amanda, OK 04147",Cycles,3,1,1,2,1,0,1,2023-10-17,2023-02-28 03:25:08,Clear,Sand/Mud/Dirt,Dark - No Street Lights,N,Y
430,REPORT430,STATUS3,ADDRTYPE1,"Unit 2306 Box 8456
DPO AA 04875",Pedestrian,1,2,1,1,0,0,0,2023-07-02,2023-07-02 03:25:08,Overcast,Dry,Dusk,N,Y
431,REPORT431,STATUS2,ADDRTYPE2,"9289 Solis Park Suite 012
West Jason, MS 24069",Left Turn,1,1,0,1,2,0,0,2023-03-26,2023-06-12 03:25:08,,,,N,N
432,REPORT432,STATUS1,ADDRTYPE2,"374 Kelly Cliff Suite 816
New Kevin, FL 10318",Parked Car,3,1,1,3,2,0,1,2023-07-28,2023-03-28 03:25:08,Sleet/Hail/Freezing Rain,Standing Water,Dark - Street Lights Off,Y,N
433,REPORT433,STATUS3,ADDRTYPE3,"40797 Martin Island
Port Bradley, NJ 41804",Cycles,4,2,0,3,3,0,0,2023-12-30,2023-12-19 03:25:08,Severe Crosswind,Unknown,Dark - Street Lights Off,N,Y
434,REPORT434,STATUS3,ADDRTYPE3,"850 Joseph Bypass Apt. 487
Lake Michelleport, VI 41490",Left Turn,3,0,0,1,2,0,0,2023-05-26,2023-08-12 03:25:08,Other,Unknown,Daylight,N,Y
435,REPORT435,STATUS2,ADDRTYPE3,"810 Boyer Forge Apt. 374
New Breanna, NM 78514",Left Turn,5,0,0,1,1,0,0,2023-12-11,2023-04-09 03:25:08,Clear,Standing Water,Dark - Street Lights On,Y,N
436,REPORT436,STATUS3,ADDRTYPE2,"66199 Rhonda Courts
West Georgeport, NH 71758",Sideswipe,1,0,0,3,3,0,0,2024-02-13,2023-12-29 03:25:08,,,,N,Y
437,REPORT437,STATUS2,ADDRTYPE3,"242 James Valleys
Lake Nicole, WA 25048",Cycles,3,0,1,1,2,1,0,2023-04-17,2024-02-05 03:25:08,Unknown,Wet,Dawn,N,N
438,REPORT438,STATUS2,ADDRTYPE2,"PSC 7901, Box 5148
APO AE 11917",Other,5,0,1,2,0,0,0,2023-12-30,2023-10-28 03:25:08,Clear,Sand/Mud/Dirt,Dawn,Y,Y
439,REPORT439,STATUS1,ADDRTYPE3,"97311 Phillips Walks Apt. 681
Andreashire, OH 84536",Other,1,2,0,2,3,1,0,2023-08-10,2024-01-26 03:25:08,Snowing,Wet,Dark - No Street Lights,N,N
440,REPORT440,STATUS1,ADDRTYPE2,"98837 Henson Via Suite 594
Lake Cynthiahaven, PW 66484",Sideswipe,4,2,1,3,0,1,0,2023-08-07,2024-02-14 03:25:08,Snowing,Other,Dark - Street Lights Off,N,N
441,REPORT441,STATUS3,ADDRTYPE1,"236 Dickson Plains Apt. 261
New Amanda, VI 17042",Sideswipe,4,0,1,3,1,1,0,2024-02-09,2023-12-10 03:25:08,Clear,Wet,Dawn,Y,Y
442,REPORT442,STATUS2,ADDRTYPE3,"836 Elizabeth Rapids
New Carl, CO 64884",Other,5,1,1,1,0,0,0,2023-12-25,2023-12-28 03:25:08,Other,Standing Water,Dark - No Street Lights,Y,N
443,REPORT443,STATUS2,ADDRTYPE1,"748 Courtney Isle
Pittsshire, HI 13518",Sideswipe,3,1,1,1,2,0,0,2024-02-13,2023-09-07 03:25:08,,,,Y,N
444,REPORT444,STATUS1,ADDRTYPE2,"259 Christopher Village
East Mariahland, ME 35393",Sideswipe,1,1,1,2,0,1,1,2023-03-27,2023-03-04 03:25:08,Clear,Unknown,Daylight,N,N
445,REPORT445,STATUS1,ADDRTYPE1,"740 Mason Mews Apt. 409
Lindseytown, WY 03004",Other,4,2,1,1,3,1,1,2024-01-28,2023-07-11 03:25:08,Severe Crosswind,Other,Dark - Street Lights On,Y,N
446,REPORT446,STATUS2,ADDRTYPE3,"16066 Mccall Viaduct Suite 249
Timothyside, AL 88567",Cycles,5,1,1,3,1,0,1,2023-12-14,2023-10-27 03:25:08,,,,Y,N