OBJECTID,REPORTNO,STATUS,ADDRTYPE,LOCATION,COLLISIONTYPE,PERSONCOUNT,PEDCOUNT,PEDCYLCOUNT,VEHCOUNT,INJURIES,SERIOUSINJURIES,FATALITIES,INCDATE,INCDTTM,WEATHER,ROADCOND,LIGHTCOND,SPEEDING,HITPARKEDCAR
667,REPORT667,STATUS3,ADDRTYPE3,"72687 Prince Drive Apt. 774
Port Christina, MH 15007",Pedestrian,1,2,0,1,3,1,0,2023-11-23,2023-04-21 03:25:08,Snowing,Standing Water,Dark - No Street Lights,N,Y
668,REPORT668,STATUS3,ADDRTYPE2,"215 Christina Corners Apt. 636
Lake Brendaport, NV 11624",Sideswipe,4,0,0,2,0,0,0,2023-06-07,2023-08-23 03:25:08,Overcast,Snow/Slush,Dark - Street Lights On,N,N
669,REPORT669,STATUS3,ADDRTYPE1,"076 Russo Manors Suite 017
Garciaton, ND 44434",Sideswipe,3,1,0,1,1,0,0,2023-11-29,2023-06-22 03:25:08,Raining,Dry,Dark - No Street Lights,N,N
670,REPORT670,STATUS2,ADDRTYPE1,"018 Rocha Common Apt. 578
West Lisamouth, DC 57401",Rear Ended,4,1,1,2,3,0,0,2024-02-14,2023-04-27 03:25:08,Unknown,Oil,Other,Y,Y
671,REPORT671,STATUS3,ADDRTYPE2,"351 Jason Locks
Prestonfurt, NE 25529",Parked Car,5,1,0,3,2,0,0,2023-08-01,2024-02-19 03:25:08,Blowing Sand/Dirt,Other,Dark - Street Lights On,N,Y
672,REPORT672,STATUS2,ADDRTYPE3,"PSC 5976, Box 6673
APO AE 58537",Pedestrian,4,1,1,1,2,1,1,2023-07-18,2023-06-14 03:25:08,Blowing Sand/Dirt,Sand/Mud/Dirt,Dawn,N,Y
673,REPORT673,STATUS1,ADDRTYPE2,"8031 Flores Bridge
Paulamouth, ID 05897",Cycles,3,1,1,1,0,0,0,2023-03-08,2023-10-16 03:25:08,Overcast,Unknown,Daylight,Y,Y
674,REPORT674,STATUS3,ADDRTYPE1,"PSC 6915, Box 0792
APO AP 03870",Rear Ended,5,0,1,3,0,0,0,2023-07-02,2023-06-23 03:25:08,Clear,Wet,Daylight,Y,Y
675,REPORT675,STATUS2,ADDRTYPE2,"4019 Clark Cliffs Suite 868
North Johnbury, MN 41834",Left Turn,5,0,0,3,2,1,1,2023-05-12,2023-12-25 03:25:08,Severe Crosswind,Standing Water,Daylight,N,N
676,REPORT676,STATUS2,ADDRTYPE3,"183 Mccarthy Fall Apt. 574
West Robyntown, MO 13864",Pedestrian,3,1,0,2,3,0,1,2023-02-20,2024-01-27 03:25:08,Clear,Standing Water,Dark - No Street Lights,Y,N
677,REPORT677,STATUS2,ADDRTYPE1,"6920 Little Island
Kariside, CT 98600",Left Turn,4,2,1,1,0,0,1,2023-10-10,2024-02-11 03:25:08,,,,Y,N
678,REPORT678,STATUS1,ADDRTYPE2,"657 Wells Bypass
Timothychester, PR 29950",Pedestrian,3,2,1,2,3,1,0,2023-05-03,2023-05-05 03:25:08,Blowing Sand/Dirt,Standing Water,Unknown,Y,Y
679,REPORT679,STATUS3,ADDRTYPE3,"49174 Mark Rapid
Jesuston, SD 67614",Pedestrian,2,2,0,1,2,1,1,2023-06-08,2023-03-08 03:25:08,Unknown,Ice,Daylight,Y,Y
680,REPORT680,STATUS2,ADDRTYPE3,"50212 Brooks Drives
Fieldsville, TN 77321",Parked Car,1,2,1,1,3,0,1,2023-09-16,2023-09-24 03:25:08,Clear,Dry,Daylight,N,N
681,REPORT681,STATUS3,ADDRTYPE3,"91957 Madison Stravenue Suite 273
Duffyshire, VT 50206",Sideswipe,3,1,0,2,2,0,0,2023-02-21,2023-10-26 03:25:08,Sleet/Hail/Freezing Rain,Ice,Daylight,Y,Y
682,REPORT682,STATUS2,ADDRTYPE3,"544 Valentine Prairie Suite 793
Amandamouth, HI 26874",Pedestrian,5,2,1,3,3,1,0,2023-10-26,2023-05-27 03:25:08,Clear,Unknown,Dark - No Street Lights,Y,N
683,REPORT683,STATUS3,ADDRTYPE3,"687 Smith Pass Apt. 354
West Robert, WY 08653",Parked Car,2,2,1,3,1,0,1,2023-07-18,2023-06-07 03:25:08,Other,Oil,Dark - Street Lights Off,N,N
684,REPORT684,STATUS1,ADDRTYPE3,"9980 Mary Key
Courtneyport, MP 22017",Cycles,1,1,1,2,3,0,0,2023-12-01,2023-11-26 03:25:08,Unknown,Wet,Dawn,Y,N
685,REPORT685,STATUS2,ADDRTYPE1,"353 Lee Fork
Port Mary, CT 16493",Other,3,2,1,3,2,0,1,2023-10-03,2023-12-06 03:25:08,Snowing,Standing Water,Daylight,N,Y
686,REPORT686,STATUS2,ADDRTYPE3,"207 Wallace Lodge
Hillburgh, MP 79106",Other,1,2,0,2,3,1,0,2024-01-03,2024-01-02 03:25:08,Severe Crosswind,Dry,Dark - No Street Lights,N,Y
687,REPORT687,STATUS1,ADDRTYPE3,"9743 Joseph Harbors Apt. 293
West Rhondamouth, UT 01123",Sideswipe,4,2,0,3,1,1,0,2023-05-28,2023-12-30 03:25:08,Fog/Smog/Smoke,Other,Dark - Street Lights On,Y,Y
688,REPORT688,STATUS3,ADDRTYPE3,"20035 Michael Walk
Port Robinborough, VA 48051",Parked Car,5,2,1,2,0,0,1,2023-08-10,2023-09-17 03:25:08,Sleet/Hail/Freezing Rain,Ice,Unknown,Y,N
689,REPORT689,STATUS2,ADDRTYPE2,"10715 Gavin View Apt. 168
North Anthony, FM 88035",Cycles,3,0,1,2,3,1,1,2023-12-17,2023-09-01 03:25:08,Blowing Sand/Dirt,Unknown,Dusk,Y,Y
690,REPORT690,STATUS1,ADDRTYPE1,"4876 Mooney Trail
East Sandra, TN 79011",Rear Ended,5,0,1,2,2,0,1,2023-11-03,2023-07-03 03:25:08,Overcast,Sand/Mud/Dirt,Other,Y,N
691,REPORT691,STATUS2,ADDRTYPE1,"8463 Dawn Squares
Port Deanna, WA 31568",Pedestrian,2,0,1,2,1,1,1,2023-07-29,2023-06-13 03:25:08,Sleet/Hail/Freezing Rain,Wet,Unknown,Y,N
692,REPORT692,STATUS2,ADDRTYPE2,"546 Craig Hills Apt. 828
East Raymond, FL 41325",Pedestrian,2,2,0,3,0,1,0,2023-04-09,2023-08-24 03:25:08,Snowing,Other,Dusk,Y,Y
693,REPORT693,STATUS2,ADDRTYPE3,"04374 Ward Mills Apt. 862
South Alexanderview, TN 07279",Parked Car,1,2,0,1,3,1,0,2024-01-22,2023-05-16 03:25:08,Raining,Dry,Dark - No Street Lights,N,N
694,REPORT694,STATUS3,ADDRTYPE2,"75940 Moore Mission Apt. 766
Timothyfurt, VI 24318",Pedestrian,2,1,0,3,0,1,1,2023-10-30,2023-10-11 03:25:08,,,,Y,N
695,REPORT695,STATUS1,ADDRTYPE2,"33802 Debbie Ranch Apt. 648
New Christine, MI 57591",Other,2,2,1,1,3,0,0,2023-08-03,2023-03-17 03:25:08,Sleet/Hail/Freezing Rain,Oil,Unknown,Y,N
696,REPORT696,STATUS1,ADDRTYPE2,"4511 Terry Expressway
Alexandermouth, PR 34982",Sideswipe,3,1,1,2,3,0,1,2023-11-17,2023-06-15 03:25:08,Fog/Smog/Smoke,Oil,Dark - No Street Lights,Y,Y
697,REPORT697,STATUS1,ADDRTYPE1,"375 Jennifer Lodge Suite 846
Lake Shawn, KS 20704",Other,5,2,1,1,0,0,0,2023-05-09,2023-10-13 03:25:08,Sleet/Hail/Freezing Rain,Ice,Unknown,Y,N
698,REPORT698,STATUS1,ADDRTYPE1,"PSC 7114, Box 7227
APO AP 50170",Left Turn,1,0,1,1,0,0,0,2023-04-16,2023-08-17 03:25:08,Snowing,Unknown,Other,Y,Y
699,REPORT699,STATUS2,ADDRTYPE1,"8223 Tyler Oval Apt. 220
East Josephview, IA 01449",Angles,2,2,1,3,1,0,0,2024-01-11,2023-06-30 03:25:08,Raining,Sand/Mud/Dirt,Unknown,N,N
700,REPORT700,STATUS3,ADDRTYPE3,"15381 William Run Apt. 998
South Lauren, NH 26133",Cycles,5,2,0,2,3,1,1,2023-03-02,2024-02-13 03:25:08,Overcast,Other,Unknown,N,N
701,REPORT701,STATUS1,ADDRTYPE3,"450 Stacy Walk Apt. 073
Marieville, UT 80324",Left Turn,4,0,1,2,3,1,0,2023-06-25,2023-08-23 03:25:08,,,,Y,N
702,REPORT702,STATUS3,ADDRTYPE2,"PSC 8573, Box 2854
APO AA 63036",Angles,3,2,0,2,0,0,0,2023-06-20,2023-09-18 03:25:08,Raining,Unknown,Daylight,N,N
703,REPORT703,STATUS1,ADDRTYPE1,"44640 Gabrielle Groves Apt. 804
Virginiamouth, NM 55309",Other,2,2,0,1,1,1,1,2023-09-12,2023-02-21 03:25:08,Other,Sand/Mud/Dirt,Daylight,N,Y
704,REPORT704,STATUS1,ADDRTYPE1,"82799 Adam Locks Apt. 677
East Amy, IA 83003",Rear Ended,2,2,1,2,0,0,0,2023-03-22,2023-09-02 03:25:08,,,,N,Y
705,REPORT705,STATUS2,ADDRTYPE3,"PSC 5861, Box 5729
APO AP 19467",Sideswipe,2,2,0,3,2,1,1,2023-03-28,2023-05-30 03:25:08,,,,Y,N
706,REPORT706,STATUS2,ADDRTYPE3,"21798 Hunt Landing
Rodriguezville, PW 26957",Pedestrian,5,1,1,1,1,1,1,2023-07-27,2023-03-17 03:25:08,Raining,Unknown,Dawn,N,N
707,REPORT707,STATUS2,ADDRTYPE1,"65030 Andrew Ville
Lake Alexis, WA 04683",Rear Ended,3,2,0,1,2,1,0,2023-08-09,2023-04-20 03:25:08,Other,Snow/Slush,Dark - Street Lights On,N,Y
708,REPORT708,STATUS3,ADDRTYPE1,"349 Daniel Courts
West Brittney, MP 48476",Angles,3,0,1,1,1,0,1,2023-11-27,2023-06-17 03:25:08,Overcast,Wet,Dark - No Street Lights,N,Y
709,REPORT709,STATUS2,ADDRTYPE3,"Unit 1501 Box 7226
DPO AE 89580",Other,5,1,0,1,3,1,0,2024-01-23,2023-12-24 03:25:08,Blowing Sand/Dirt,Dry,Unknown,N,Y
710,REPORT710,STATUS2,ADDRTYPE3,"9780 Jones Mountains
West David, MP 56455",Other,1,2,1,3,0,0,0,2023-08-13,2023-10-04 03:25:08,Other,Ice,Unknown,Y,Y
711,REPORT711,STATUS1,ADDRTYPE1,"095 Vanessa Field
Riosville, MS 28834",Cycles,3,1,0,1,1,1,1,2023-03-25,2023-03-05 03:25:08,Snowing,Sand/Mud/Dirt,Dark - Street Lights On,N,N
712,REPORT712,STATUS1,ADDRTYPE2,"13524 Brandi Vista
Tammyville, IN 12225",Other,5,2,1,1,3,0,1,2023-07-17,2023-05-30 03:25:08,Sleet/Hail/Freezing Rain,Sand/Mud/Dirt,Other,N,Y
713,REPORT713,STATUS2,ADDRTYPE2,"2071 Cortez Groves Suite 184
Norrisshire, MA 79340",Left Turn,5,2,1,3,3,0,1,2023-11-12,2023-03-29 03:25:08,Blowing Sand/Dirt,Ice,Dusk,N,Y
714,REPORT714,STATUS2,ADDRTYPE2,"84092 Kelly Centers Suite 817
Kyleport, OK 25184",Sideswipe,2,2,1,2,2,1,1,2023-10-04,2024-02-09 03:25:08,Raining,Sand/Mud/Dirt,Unknown,Y,N
715,REPORT715,STATUS3,ADDRTYPE2,"679 Stark Station
East Jacquelinehaven, GA 64056",Rear Ended,5,2,1,3,2,0,0,2023-12-26,2023-12-06 03:25:08,Other,Ice,Dark - No Street Lights,N,N
716,REPORT716,STATUS3,ADDRTYPE1,"47423 Ford Station Apt. 183
South Shannonville, VT 05774",Other,2,1,0,2,3,0,0,2023-12-28,2023-07-24 03:25:08,Clear,Unknown,Other,Y,N
717,REPORT717,STATUS1,ADDRTYPE2,"9905 Ryan Crest
Newtonport, FL 58710",Other,4,2,0,1,2,0,0,2024-01-11,2023-10-30 03:25:08,,,,N,Y
718,REPORT718,STATUS3,ADDRTYPE2,"0669 Thompson Squares
New Crystalview, TX 95341",Angles,5,2,0,1,3,1,1,2023-08-18,2023-03-19 03:25:08,Raining,Oil,Other,N,Y
719,REPORT719,STATUS2,ADDRTYPE3,"USS Henderson
FPO AA 17974",Cycles,3,2,0,1,3,1,0,2023-04-17,2023-12-09 03:25:08,Blowing Sand/Dirt,Wet,Dark - Street Lights On,N,Y
720,REPORT720,STATUS2,ADDRTYPE2,"825 Carter Trafficway
West Robert, WY 07283",Other,2,1,0,3,3,1,1,2023-09-01,2023-08-21 03:25:08,Other,Other,Dark - Street Lights On,Y,Y
721,REPORT721,STATUS1,ADDRTYPE3,"3037 Foley Camp
Thomasbury, WA 19647",Other,4,1,0,2,2,0,1,2024-02-05,2023-06-10 03:25:08,Unknown,Unknown,Dark - No Street Lights,N,Y
722,REPORT722,STATUS2,ADDRTYPE3,"52926 Norton Plains Suite 132
South Tamiberg, NV 15231",Pedestrian,1,0,0,2,1,0,0,2023-10-20,2024-02-04 03:25:08,Blowing Sand/Dirt,Ice,Dusk,N,Y
723,REPORT723,STATUS2,ADDRTYPE1,"33799 Roy Tunnel Apt. 653
South Brian, MT 65717",Other,1,2,0,3,3,0,1,2023-09-28,2023-10-17 03:25:08,Clear,Sand/Mud/Dirt,Dark - No Street Lights,N,N
724,REPORT724,STATUS2,ADDRTYPE1,"52527 Hernandez Ways Apt. 367
North Amandaton, GA 64490",Left Turn,1,0,0,3,0,1,0,2023-11-28,2023-04-30 03:25:08,Clear,Wet,Unknown,Y,N
725,REPORT725,STATUS2,ADDRTYPE1,"Unit 0258 Box 7772
DPO AA 79340",Sideswipe,2,0,1,2,0,0,1,2023-05-18,2023-02-28 03:25:08,Unknown,Dry,Dusk,N,Y
726,REPORT726,STATUS3,ADDRTYPE1,"14073 Denise Heights
Thomasside, MT 16990",Pedestrian,5,1,0,3,2,0,1,2023-12-27,2023-07-14 03:25:08,Overcast,Dry,Other,N,N
727,REPORT727,STATUS3,ADDRTYPE3,"289 Jimmy Trace
Mitchellport, OK 38724",Cycles,2,0,0,1,3,1,0,2024-01-17,2023-08-19 03:25:08,Severe Crosswind,Standing Water,Dusk,N,N
728,REPORT728,STATUS3,ADDRTYPE1,"82731 Brenda Burg Suite 961
Lake Paultown, IL 95753",Left Turn,1,0,0,2,3,1,1,2023-11-03,2023-11-06 03:25:08,Fog/Smog/Smoke,Oil,Dark - Street Lights Off,Y,Y
729,REPORT729,STATUS3,ADDRTYPE3,"8622 Price Dale Apt. 562
Kingville, FM 05144",Sideswipe,5,2,1,3,1,0,0,2023-04-20,2024-01-05 03:25:08,Unknown,Sand/Mud/Dirt,Daylight,N,N
730,REPORT730,STATUS3,ADDRTYPE1,"Unit 7225 Box 8436
DPO AE 86388",Sideswipe,4,0,1,2,1,0,0,2024-02-14,2023-11-12 03:25:08,Unknown,Standing Water,Dark - No Street Lights,Y,Y
731,REPORT731,STATUS1,ADDRTYPE2,"1917 Evans Common
Mullinsview, NH 45143",Left Turn,1,0,1,3,0,1,1,2023-09-14,2023-08-10 03:25:08,,,,N,N
732,REPORT732,STATUS2,ADDRTYPE2,"19478 Susan Corners
Masonport, ME 86099",Cycles,3,1,0,2,0,1,1,2023-11-15,2023-03-29 03:25:08,Sleet/Hail/Freezing Rain,Standing Water,Other,Y,N
733,REPORT733,STATUS1,ADDRTYPE3,"763 Tracy Dam Suite 128
Lake Raymond, NM 14777",Cycles,5,0,1,2,0,0,0,2023-05-13,2023-12-26 03:25:08,Overcast,Snow/Slush,Dark - Street Lights On,N,Y
734,REPORT734,STATUS2,ADDRTYPE2,"293 Pamela Fork
Dominguezbury, NY 10906",Angles,2,1,0,2,0,0,1,2023-11-08,2023-10-02 03:25:08,Sleet/Hail/Freezing Rain,Oil,Dark - Street Lights On,N,N
735,REPORT735,STATUS2,ADDRTYPE2,"093 Johnson Wall Apt. 658
Turnerville, NH 51311",Cycles,2,2,0,1,3,0,1,2023-03-30,2023-04-05 03:25:08,Overcast,Wet,Dark - No Street Lights,Y,N
736,REPORT736,STATUS2,ADDRTYPE3,"197 Alvarez Trail Apt. 935
East Terri, IN 79601",Left Turn,3,1,0,1,0,1,0,2024-02-03,2023-03-09 03:25:08,Sleet/Hail/Freezing Rain,Oil,Dark - Street Lights Off,Y,Y
737,REPORT737,STATUS1,ADDRTYPE2,"02754 Jones Springs Apt. 941
Port John, MT 77300",Other,2,0,0,2,1,1,1,2023-10-19,2023-05-17 03:25:08,Snowing,Dry,Dusk,Y,Y
738,REPORT738,STATUS2,ADDRTYPE2,"955 Evans Estates
Kramershire, ID 31964",Left Turn,3,0,1,3,3,1,1,2023-10-05,2023-07-04 03:25:08,Overcast,Sand/Mud/Dirt,Dawn,Y,Y
739,REPORT739,STATUS2,ADDRTYPE2,"751 Hicks Ports
Garrettshire, PA 39181",Left Turn,1,2,0,1,2,1,1,2024-01-07,2023-05-26 03:25:08,Unknown,Sand/Mud/Dirt,Dark - No Street Lights,N,Y
740,REPORT740,STATUS3,ADDRTYPE1,"340 Gary Walk
New Dana, AZ 79580",Pedestrian,1,1,1,3,1,1,0,2023-05-04,2023-11-22 03:25:08,Raining,Dry,Unknown,N,Y
741,REPORT741,STATUS3,ADDRTYPE3,"63341 Erica Ridges
Port Cesarport, AR 70316",Rear Ended,2,0,0,2,2,0,1,2023-05-06,2023-10-07 03:25:08,Blowing Sand/Dirt,Snow/Slush,Other,N,Y
742,REPORT742,STATUS2,ADDRTYPE1,"953 Alvarez Vista Suite 137
Pottsfurt, NY 19092",Other,5,2,1,3,0,1,0,2024-01-28,2023-03-09 03:25:08,,,,Y,N
743,REPORT743,STATUS3,ADDRTYPE2,"4954 Watson Port
East Rebecca, AL 17885",Parked Car,2,0,1,1,0,0,0,2023-05-07,2023-08-25 03:25:08,Clear,Dry,Dawn,N,Y
744,REPORT744,STATUS1,ADDRTYPE2,"8787 Anna Walks
Bushshire, NV 84936",Rear Ended,1,1,1,3,3,0,0,2023-06-17,2023-09-03 03:25:08,,,,Y,N
745,REPORT745,STATUS2,ADDRTYPE1,"98285 Shawn Burg Suite 502
Jenkinschester, MT 23564",Sideswipe,5,1,0,3,3,0,0,2024-01-27,2023-08-03 03:25:08,Raining,Standing Water,Dark - Street Lights Off,N,N
746,REPORT746,STATUS1,ADDRTYPE2,"88248 Joe Club Suite 770
East Richard, CO 74549",Pedestrian,3,0,1,2,1,1,0,2024-01-26,2023-04-24 03:25:08,Sleet/Hail/Freezing Rain,Oil,Dark - Street Lights Off,N,N
747,REPORT747,STATUS3,ADDRTYPE3,"PSC 8587, Box 0090
APO AA 70668",Sideswipe,1,2,0,2,2,0,1,2023-09-11,2023-07-21 03:25:08,Blowing Sand/Dirt,Sand/Mud/Dirt,Dark - Street Lights Off,N,Y
748,REPORT748,STATUS3,ADDRTYPE3,"2031 Hannah Keys
Andersonville, WI 56588",Parked Car,3,2,0,3,3,1,1,2024-01-03,2023-10-01 03:25:08,Severe Crosswind,Standing Water,Dark - Street Lights On,Y,N
749,REPORT749,STATUS1,ADDRTYPE3,"7916 Timothy Lake Suite 076
North Katieborough, NV 64709",Other,4,2,1,3,3,0,1,2023-09-14,2023-09-14 03:25:08,Unknown,Wet,Other,N,Y
750,REPORT750,STATUS2,ADDRTYPE2,"2738 Reynolds Trace
Whiteburgh, CT 06137",Left Turn,5,2,0,2,2,0,0,2024-02-15,2023-11-14 03:25:08,Overcast,Wet,Daylight,Y,Y
751,REPORT751,STATUS3,ADDRTYPE3,"16336 Joseph Corner
Josephside, CO 53989",Other,1,0,0,1,2,1,0,2023-08-21,2024-01-29 03:25:08,Clear,Unknown,Other,Y,Y
752,REPORT752,STATUS3,ADDRTYPE3,"6677 Martinez Corners Apt. 319
Port Sarah, AZ 83117",Pedestrian,3,2,0,1,0,1,1,2023-09-28,2023-04-29 03:25:08,,,,Y,N
753,REPORT753,STATUS3,ADDRTYPE2,"PSC 6500, Box 1050
APO AA 91692",Other,3,2,0,3,0,0,1,2023-07-31,2023-05-29 03:25:08,Snowing,Wet,Dark - No Street Lights,Y,Y
754,REPORT754,STATUS1,ADDRTYPE1,"01187 Matthew Viaduct
Gordonport, DE 33938",Cycles,3,2,0,2,3,1,1,2023-06-08,2023-02-25 03:25:08,Severe Crosswind,Unknown,Other,N,Y
755,REPORT755,STATUS1,ADDRTYPE1,"1315 Moore Cliffs Apt. 304
Lake Troyhaven, RI 23062",Left Turn,2,1,1,3,0,1,1,2023-11-12,2023-08-28 03:25:08,Fog/Smog/Smoke,Other,Dark - Street Lights Off,Y,Y
756,REPORT756,STATUS3,ADDRTYPE2,"2614 Brown Rest Suite 133
West Ashleyshire, WY 45352",Sideswipe,2,0,0,2,3,1,1,2023-09-11,2023-04-12 03:25:08,Severe Crosswind,Standing Water,Dawn,Y,Y
757,REPORT757,STATUS2,ADDRTYPE3,"100 Beck Parks
Aprilfort, NJ 72813",Cycles,4,2,0,1,3,1,1,2023-08-03,2023-12-19 03:25:08,Unknown,Other,Other,N,N
758,REPORT758,STATUS1,ADDRTYPE1,"335 Warner Ridges Suite 350
Lake Lee, VA 19902",Cycles,4,2,0,3,2,1,1,2023-08-21,2023-07-13 03:25:08,Other,Unknown,Dawn,N,Y
759,REPORT759,STATUS2,ADDRTYPE1,"112 Walker Crossroad
South Marisa, NJ 75366",Cycles,3,1,0,2,3,0,0,2023-12-15,2023-07-02 03:25:08,Sleet/Hail/Freezing Rain,Ice,Daylight,N,Y
760,REPORT760,STATUS1,ADDRTYPE1,"3448 Jenna Course Apt. 694
Campbellport, DE 59866",Parked Car,2,2,1,3,3,1,1,2023-02-25,2023-05-05 03:25:08,Blowing Sand/Dirt,Sand/Mud/Dirt,Daylight,Y,Y
761,REPORT761,STATUS1,ADDRTYPE2,"131 Sarah Haven
West Greg, NM 74532",Left Turn,5,2,0,1,3,1,1,2023-03-11,2023-08-26 03:25:08,Overcast,Ice,Dusk,N,Y
762,REPORT762,STATUS2,ADDRTYPE1,"74112 Taylor Heights
Rogerhaven, ME 11262",Parked Car,5,0,1,1,0,0,0,2024-01-01,2023-09-25 03:25:08,Snowing,Snow/Slush,Dark - Street Lights On,Y,N
763,REPORT763,STATUS2,ADDRTYPE1,"721 Parker Meadows
Richardsonborough, MS 02660",Parked Car,3,1,1,3,0,1,1,2023-09-03,2023-12-25 03:25:08,Unknown,Wet,Dawn,N,Y
764,REPORT764,STATUS2,ADDRTYPE2,"USNS Saunders
FPO AP 69655",Cycles,2,1,1,3,1,1,0,2023-07-26,2024-02-15 03:25:08,Snowing,Other,Unknown,Y,N
765,REPORT765,STATUS1,ADDRTYPE2,"2023 Stein Park
Port Carrie, GA 23254",Parked Car,5,1,0,3,2,0,0,2023-06-07,2023-06-09 03:25:08,Sleet/Hail/Freezing Rain,Wet,Dark - No Street Lights,N,Y
766,REPORT766,STATUS2,ADDRTYPE2,"99635 Shaw Port
Whitefort, RI 14404",Rear Ended,2,2,0,2,1,0,1,2023-12-30,2023-03-06 03:25:08,Sleet/Hail/Freezing Rain,Sand/Mud/Dirt,Daylight,N,N
767,REPORT767,STATUS2,ADDRTYPE1,"37887 Johnson Ports Suite 280
West Hector, RI 12767",Rear Ended,4,1,0,2,3,0,0,2023-06-07,2023-12-06 03:25:08,Fog/Smog/Smoke,Sand/Mud/Dirt,Daylight,Y,Y
768,REPORT768,STATUS2,ADDRTYPE1,"61905 Thomas Vista Suite 245
Riceton, DE 57572",Angles,3,2,1,3,3,1,1,2023-12-05,2023-06-26 03:25:08,Severe Crosswind,Ice,Daylight,Y,Y
769,REPORT769,STATUS2,ADDRTYPE2,"1117 Carpenter Brook Apt. 160
Cassandraburgh, MA 75435",Rear Ended,3,0,1,1,1,0,1,2024-02-07,2023-03-08 03:25:08,Other,Snow/Slush,Dawn,N,N
770,REPORT770,STATUS2,ADDRTYPE3,"011 Alice Motorway Apt. 052
Lake Christopher, UT 55819",Rear Ended,2,0,0,3,2,0,0,2023-04-25,2023-12-05 03:25:08,Blowing Sand/Dirt,Other,Dark - Street Lights Off,N,Y
771,REPORT771,STATUS2,ADDRTYPE2,"8846 Christine Roads Suite 935
Mosesside, LA 59262",Pedestrian,2,2,1,3,3,0,0,2023-08-08,2023-05-28 03:25:08,Sleet/Hail/Freezing Rain,Snow/Slush,Dusk,N,N
772,REPORT772,STATUS2,ADDRTYPE1,"52255 Scott Circle
New Anthonymouth, OK 07366",Parked Car,1,1,1,1,3,1,1,2023-06-20,2023-09-24 03:25:08,Snowing,Sand/Mud/Dirt,Dark - No Street Lights,Y,Y
773,REPORT773,STATUS1,ADDRTYPE1,"36166 Thomas Way Apt. 321
Fernandezfurt, MT 10230",Other,5,0,1,1,0,1,1,2023-04-25,2023-04-06 03:25:08,Raining,Other,Daylight,Y,N
774,REPORT774,STATUS2,ADDRTYPE2,"5216 Ashlee Station
Lake Rogerton, IL 81533",Angles,4,2,1,2,3,1,1,2024-01-31,2023-05-10 03:25:08,Unknown,Sand/Mud/Dirt,Dark - Street Lights Off,Y,N
775,REPORT775,STATUS1,ADDRTYPE3,"57130 Debbie Branch Apt. 039
Port Ashley, WI 28329",Parked Car,5,1,1,3,3,0,0,2023-09-24,2023-03-16 03:25:08,,,,Y,Y
776,REPORT776,STATUS3,ADDRTYPE3,"484 Benson Cliffs Apt. 183
North Natasha, DE 40703",Rear Ended,1,0,1,3,3,0,0,2023-11-29,2023-11-28 03:25:08,Snowing,Snow/Slush,Dark - No Street Lights,N,N
777,REPORT777,STATUS3,ADDRTYPE1,"492 Lauren Valley
North Christopherhaven, NJ 26453",Other,2,2,1,3,1,0,0,2023-12-04,2023-09-17 03:25:08,Fog/Smog/Smoke,Dry,Daylight,N,N